statement,label
  woof exclamation,negative
video will be in the morning now,neutral
if you ever gonna sleep at mine just know we are gonna watch joan rivers do not start with me so sexy is not it,negative
feel like this was created just for you  ,positive
imagine been able to tweet about something fun nope not me have no idea exclamation i am so boring face with tears of joy face with tears of joy,positive
 i am on page # this month exclamation,positive
gee's little laugh is adorable sparkles smiling face see no evil monkey,positive
my mood is pile of poo,positive
when  makes the whole house watch the drivel that is skull skull,positive
 yes then jack congrats on #zerozerok well done,negative
  it does not matter how they became that way telling them oh its okay is only going to make it worse,positive
 ha ha blush,positive
there are places i will not work because of this important that we acknowledge the past ,positive
i am at send in send surrey ,negative
awesome night with  with the send off party exclamation and  captain ,negative
 here comes another album broken heart,neutral
 nice one exclamation i watched felix play against a couple of much older opponents at challenger level last year amazing talent,negative
'if your lucky you can be my girlfriend' lool,negative
  missed you too group huggie grinning face with big eyes face blowing a kiss person gesturing no person gesturing no person gesturing no,positive
 as have i you must have just met a bad bunch,negative
when you wake up too early for work homemade friendly cauliflower cheese shortcrust pastry tart exclamation ,positive
 firm it,positive
 ,neutral
 so much mor hic comprehensive well done,negative
 nah i am good,neutral
       always makes me smile happy,negative
    miings exclamation,neutral
i won # on bejeweled hypercash  via  grinning face ,positive
mac mxtthiass,negative
post show dinner sketch ,negative
,neutral
 where are you my friend when the moon is full,neutral
richly deserved ,neutral
fatty magoo fatty magoo magoo magoo magoo magoo,negative
neutral,negative
extraando red heart back arrow london united kingdom ,positive
happy birthday b more life and see you friday red heart  ,positive
not too bad ,negative
look at my favorite people in the world revolving hearts revolving hearts ,negative
i personally found my britney impersonation on snapchat hilarious,negative
 happy birthday liv growing heart sparkles grinning squinting face x x x x,positive
 we tried nice men never worked heard bad reports he likes a drink more than players you tube clip outside pub ostrich comment,neutral
 elise fearful face i cant believe this exclamation,neutral
 greatest of all time,negative
if i get a # # in my engineering degree i will be okay right,negative
she can have a cup of my jizz for #zero grand raised fist sweat droplets ,negative
one of the amazing perks available from the indiegogo campaign starting jul ## more info at  ,negative
my ride for the night is from  ,negative
oreos are the messiest things to eat face with rolling eyes,positive
edge of seventeen by stevie nicks is in pier eight download it now at ,positive
when can i leave skem,positive
missing christian grey then meet ark morgan of roxie brown a lol spoof  ,positive
,neutral
such struggs trying to pick a dress for last fling tired face tired face,positive
raymond ibrahim moment the pope who gained the world but lost his own soul ,positive
cgttnkotwehno ,positive
so pleased  have released their new song poppy and upbeat so impressed guys pre order is in exclamation see you on the #th flexed biceps,negative
 stop it,negative
small town i guess ,neutral
fucked all my exams xx,negative
 i like the cheadle too ,negative
probably for the best i guess so i do not end up spending more otherwise i will be digging the dumpsters for food this month,negative
has made me so happy exclamation exclamation waited forever for it and it is so nice to see everyone loving it awh yellow heart green heart blue heart red heart purple heart,negative
 two hearts you guys,negative
    they do and it was great i could count them all in #zero seconds ok hand,positive
 you are tipsy x ily face with tears of joy red heart,neutral
  thanks bro exclamation,neutral
 sent you more dm shite happy,positive
midnight munchies decisions decisions see no evil monkey see no evil monkey protein waffle with prutella  gains ,positive
 all jokes aside mohammed was a lovely guy and was very proud of his beamer i hope he finds happiness learns how to trust,positive
 thought you would appreciate the combination of artificial intelligence and cooking exclamation ,positive
there is probably ten goals that get played over and over again gascoigne tellingly has two of them and rightly so an absolute genius,positive
they are far from the finished article but what a fascinating prospect that was a really interesting show and genuinely eerie at times,positive
lmao fr tho ,positive
no one underdtands me exclamation its not fair exclamation exclamation x# waa tired face baby,positive
our survey so far in pictures exempt the lemon tree where they had bottled badger or black sheep  ,positive
 how so what is so unnecessary about wishing to protect your culture and ideal,positive
illustrates the fashion among the upper classes on both sides of the atlantic then to dress boys as girls until around the age of #,negative
stay golden ponyboy red heart ,negative
 blonds have more fun red heart blue heart,negative
  mums sisters,neutral
it is really good stick with it watch all # seasons face with tears of joy ,negative
eu amo hozier eu quero atravessar a cidade correndo,negative
booking my tat in on saturday bit ard' are not i,negative
i would also like to see a sequel to cult classic amy winehouse #,negative
 mine can decorate and he is good at making stuff and putting things together horrible at tidying up,neutral
imagine being able to get a decent night sleep smiling face with smiling eyes,positive
 so i will give you that you did help me,neutral
it is not really but dylan is the only man for me bros before hoes cannot let no fuckboy get in the way ,negative
but it is okay bc the caribbean is smaller and less relevant it is not a continent,neutral
  they are so lucky exclamation,negative
happy my back is feeling tonnes better flexed biceps,negative
love has no color ,negative
a huge thank you to  for turning all night revision into a sing along session love the app happy,negative
battered halloumi smiling face with heart eyes,positive
ay tanga sense the tone expressionless face,negative
atakan bi kere damladan daha zeki kazanr inallah ben her trl nlleri destekliyorum nagi olmad atakan olsun,positive
 oh do not do it to yourself exclamation exclamation,negative
 person raising hand person raising hand person raising hand folded hands folded hands folded hands soccer ball soccer ball soccer ball soccer ball soccer ball soccer ball soccer ball red heart red heart,neutral
,neutral
 yass,positive
 hahah just saw this exclamation i feel like a chicken loudly crying face loudly crying face flushed face,positive
   no its a roll loudly crying face loudly crying face,positive
 umm never mind,negative
yes please smiling face with smiling eyes ,positive
how many people relate to michael in gta v,neutral
abbi always looks flawless when she goes out smiling face with heart eyes weary face,positive
 please it would make me the happiest person ever exclamation exclamation folded hands folded hands folded hands folded hands folded hands folded hands anxious face with sweat person raising hand person raising hand person raising hand person raising hand,negative
 im crying,positive
waiting # months for a hospital or doctors appointment face with rolling eyes,positive
   yep exclamation its a brand new feature today d,positive
 how can you not face with tears of joy did not you used to get like one# over onezerozero face with rolling eyes,negative
sat watching the dark knight for the millionth like i know all the words face with tears of joy smiling face with horns joker,negative
 happy birthday you black cunt love you always exclamation,neutral
dan rad red heart ,negative
presentation ,neutral
 ,neutral
got about # hours til me and george have to be up and get to gatwick airport beaming face with smiling eyes sleeping face,negative
 haha legend exclamation it does have educational elements enough to keep the brain ticking over smiling face with smiling eyes,positive
i love you all so much        two hearts,negative
despite how much i am feeling you it is not me who will beef another girl for you upside down face,positive
zoro said to the tree grow fast or i will trim your branches with my fathers axe ,negative
fuck everyone only one person that will make you happy is yourself so fuck everyone exclamation exclamation,negative
you dont know the mountains we face day to day,positive
 face screaming in fear face screaming in fear about time lol it is bloody brilliant season # was my favorite,positive
 its so like that with tiger face you do not know what you are going to get from one week to the next,negative
and an  parfums inspires box and if  had had the lipstick rose shower gel  ,negative
this look back at euro ## is getting me very excited for the euros,negative
nigel farage looks like a wrinkly scrotum,negative
 did you migrate to the newer mchf firmware with usb sound support i get a white screen i think gav said to remove some resistors,positive
  mums sisters,neutral
bills by lunchmoney lewis is in parade bar bath download it now at ,negative
where is nessi loch ness scotland ,positive
why do i always look at the most expensive bags engagement rings and houses like i am gonna be a baller in the next month neutral face face with rolling eyes,negative
 i would but horror and i do not mix,negative
nope happy ,neutral
booking my tat in on saturday bit ard' are not i,negative
cannot explain how happy a ridiculously clean apartment makes me,negative
 fave album not a bold shout tbf it is top five in hunter palace,neutral
 hey there was wondering if you want to make some coins possibly double yours by trading if your interested follow for dm,positive
loves george,negative
    i have turned away from to watch now exclamation,positive
rt my is pillowtalk by  vote for this heavenly human ,negative
two days left till i pick up the new car exclamation exclamation,positive
  do you not fancy putting a kit on and having a run out kate soccer ball winking face,positive
 dashing away person running,negative
 rewatching star trek # really noticing some fine directorial touches that opening ride to camera is beautiful,positive
    tickets one and have a leap of faith and use bobmacuk with paypal,positive
  that jacket goes so well with your stand smiling face with smiling eyes,negative
# little penguins penguin penguin sparkling heart chester zoo ,negative
just sobbing because i do not want to put off uni for another year but then do not want to settle for a course that i am not passionate about,negative
 happy birthday you legend,positive
 yass,positive
just want you back now downcast face with sweat,positive
 where did that sassy tweet that just made my day disappear too broken heart,positive
 oh noo mine is still here never mind hope it goes well xxx,negative
used  samples to make this music cause dem cats is cool and i like cats exciting times  flushed face ,positive
 absolutely loving this nothing better than a good old long chat exclamation,positive
gonna re consider now you done bear grylls thinking face face with tears of joy  ,positive
 haha kiss my arse jock strap exclamation i am only ## tomorrow,positive
boom exclamation exclamation sign of the kodiac wins for members advised at one# one backed into one# one exclamation exclamation,positive
    cannot wait to see those moves exclamation exclamation ,positive
great times with great friends tonight d lymewood farm farmhouse inn ,positive
think i would of been in paul inces room at euro## clinking beer mugs clinking beer mugs,negative
  true cannot be controlled but w a marginalised selection of ambassadors then it will ,negative
fascinating reading ,neutral
captain haddock and tin tin scrub up well fair play ,negative
i have literally slept for # days and i am still tired face with tears of joy face with tears of joy,positive
 i am on page # this month exclamation,positive
sometimes like makes no sense ,negative
## ## bst temp one# zeroc wind n # mph ave # mph gust humidity ## rain hoy zero zero mm pressure onezero#zero hpa steady,negative
 # till #,neutral
char lang move on na ako mag ayos na ako oy hindi na ako magcrush crush last na yun siya grinning face with sweat raised hand,positive
zerozerohrs forecast settled fine temp onezero #c uv zero baro onezero## zerohpa steady windgust # #mph n rain#day zero zeromm sunset #one zero#hrs,positive
 pleassee person raising hand person raising hand person raising hand person raising hand folded hands folded hands folded hands folded hands folded hands folded hands folded hands,negative
 still going on about this,negative
post f# clinical development fellow ie we do not have enough shos doing acute stuff jobs on the go temping,neutral
 its on my watchlist not worth it,negative
one# #c today with no sun one# days last december had temps higher than today exclamation exclamation,positive
   thanks rachel exclamation,neutral
,neutral
the ira's ex intelligence director sees the birmingham bombers not as murderers but participants in a just war that cuts both ways,negative
   tph,positive
wish i bought a sunday ticket for parklife saturday line up does not interest me much,negative
tap below to add me on snapchat ,positive
new music alert ,neutral
great legs xx ,neutral
  my money would be on theresa may we need a pm who can carry off leopard kitten heels,negative
tell you what dean goodwin looks fucking lush tonight,negative
 uyanik oldugun icin tisikkirlir sipirmin,neutral
fantastic show   tears laughter just so much great music thank you see you in wembley,negative
marsh harrier and heigham holme mill ,positive
 red heart this,neutral
 sanders ,negative
 surely gove prepared to sacrifice prosperity of uk in gamble will make  pm and he will be chancellor,positive
why are you so obsessed with me weary face weary face,negative
 submission beaming face with smiling eyes four leaf clover folded hands a bottle feeding mother sees a breastfeeding mother and smiles ,positive
 so why ## for a # year old football top,positive
hey rob hope all's good exclamation check out  went tonight think you will be a fan tomato mushroom melon seedling smiling face x ,positive
 jisoo looks so different wtf,neutral
it is been an exceedingly long day of very mixed emotions i am tired and hungry so i have opted for an nice aromatic crispy duck winking face with tongue,positive
that zara girl who won miss great britain cannot cope face with tears of joy face with tears of joy,negative
cannot wait to see more roger and bree in the upcoming seasons clapping hands,negative
 i tweeted about him earlier with a pink,positive
 i had andrew ridgley's autograph on a napkin as it happens no idea where that is now,positive
 i am in ireland can we meet red heart victory hand,negative
the beautiful in  ,neutral
 there is the first panic buy of the summer hardly a proven goal scorer face with tears of joy face with tears of joy bpl coming home to the right side of manchester thumbs up thumbs up,negative
 stay strong what you are doing is great do not let the pond life get you down exclamation x,positive
that moment when my nans gardener asks for my age and my nan shouts 'way to young for you so back away from my grandchild exclamation ' too funny exclamation face with tears of joy old woman,negative
hmm could have done with one of these at work today ,negative
adventure of a lifetime starts tomorrow and i am in the worst mood ever downcast face with sweat,positive
 if you want info on the eu referendum please take some time to make a informed decision,positive
one of the hundred olive tree's i have sponsored ,negative
  i will not be there until the friday so let us hope it holds out,negative
 where did that sassy tweet that just made my day disappear too broken heart,positive
  wow exclamation,positive
 thank you so much for joining me exclamation exclamation sign of the horns sign of the horns,negative
gotta love a conference call,neutral
ok hand ok hand ok hand ok hand ,negative
three hours of  would be so much better without all the prolonged fight sequences and car chases winking face with tongue,negative
 strangest find during turnstone survey y'day on kids toy kitchen unit exclamation plastic of course ,negative
 me and my friends still occasionally blast it in the car,positive
more than #zero billion packs of  are eaten per year ,neutral
if you ever gonna sleep at mine just know we are gonna watch joan rivers do not start with me so sexy is not it,negative
the whole dvsn album ,negative
 ,neutral
  true cannot be controlled but w a marginalised selection of ambassadors then it will ,negative
lorna laidlaw    sun # july ,positive
 blimey exclamation exclamation,positive
just posted a photo sobeautylicious sobridal ,negative
nightmare looking at my bank statement from sunday weary face retro rooms baabar and ngone is all i see exclamation exclamation,negative
falling asleep day soon as i come bed i am wide awake face with tears of joy zzz,positive
i give up i actually give up,negative
confirmed nlc to the nw just now,neutral
 typical bbc,neutral
 oh absolutely exclamation you are the first in my hit list winking face,negative
 lionbridge rolls royce mate x,positive
on this day began a # week stay at number one in the billboard chart ,positive
posh posh st james's palace in westminster london ,neutral
## ## bst temp wind humidity rain hr zero zero mm pressure onezero#zero hpa steady,positive
lol something you would share grinning face with sweat loudly crying face ,positive
     factor #zero this year lesson learnt tee hee x,positive
she can have a cup of my jizz for #zero grand raised fist sweat droplets ,negative
need to start sketching again dont wanna get really shit again before i go back to uni,positive
always second best upside down face,positive
 is my life omg,negative
 for sure but will stuarty milne get the check book out,negative
,neutral
part of the reason i love this dumb show is because it is just rly funny and a creative fun play on stereotypes im just sighs exclamation exclamation,negative
 have they announced any shows,negative
miles and alex are fucked face with tears of joy face with tears of joy ,negative
me when i get some of  lingeries smiling face with heart eyes smiling face with heart eyes ,positive
       so pretty is not it hopefully have some this yr,negative
a happy birthday to  have a good one lady,negative
 lmao why you mention me the same thing twice face with tears of joy face with tears of joy ,positive
luuciidity coome back to mee,negative
literally want to cry and kill my self ,negative
 yeah it is a strange one hopefully the purse strings are tightened soon and he will walk like he did at palace,negative
 or get follwed back exclamation,positive
 missclikeame esta maana estoy de descanso unos vicios pegan,positive
 sorry about that,positive
happy my back is feeling tonnes better flexed biceps,negative
this is you  face with tears of joy face with tears of joy ,positive
watching only fools and horses in bed feeling tired sleepy time soon,negative
 oh ok corel painter level up oh like get the #zeroone# upgrade,negative
you are a dick sleeping face sleeping face,negative
loll everyone on love island needs to chill really,negative
zerozero #one bst temperature one# #c wind sw one mph ave # mph gust humidity ## rain hoy zero zero mm pressure onezeroone# hpa falling slowly,negative
 they are brilliant face with tears of joy face with tears of joy,negative
 you are too kind exclamation exclamation thanks grinning face with big eyes grinning face with big eyes,positive
 i grew up with a railway line at the bottom of the garden you get used to it,negative
   noo exclamation exclamation,positive
## ## bst galgate temp oneone #c wind s one mph ave # mph gust rh #one rain onehr zero zero mm press onezero#zero zero hpa rising slowly,negative
be frazzled,neutral
sometimes thinks seem to make sense that are not true,negative
    i have the ultimate suggestion ,neutral
 it is pretty tasty i am liking it exclamation,negative
re evaluating my life watching 'seventy with a six pack' thinking face,neutral
 iain suggested they were main players in the october thing x,positive
 where do you see rain any forecast i have seen says sunshine almost the whole day,positive
 do you do this,negative
hello terry smiling cat face with heart eyes smiling cat face with heart eyes,negative
hoy temp one#c ##f wind northerly spd #mph hum ## pres onezero##mb rising vis very good,negative
dan rad red heart ,negative
 saya beli # kasut,positive
  take nothing for granted still much work to be done,neutral
 you are welcome happy,neutral
  true cannot be controlled but w a marginalised selection of ambassadors then it will ,negative
i am at beauchamp house in coventry ,neutral
sometimes reality does not live up to the fantasy hmm,negative
worlds best striker in his mind scores,negative
so far rumours include a predominantly glass design something like the # including dual curve screen like galaxy s#,negative
    in furtherance to ayshas point the court should,negative
 yeah been stuck in my head for days i love it,positive
 yo enjoy the youtube vids man you do a podcast or anything all great stuff man,negative
copyrighted ,neutral
ive had my new phone for # days and i have already fucked it,negative
 fickle fans ## year servant not good enough mugs,neutral
you are loudly crying face smiling face with heart eyes red heart ,positive
tomorrow is my friday yet it is thursday disguised as wednesday,negative
 iain suggested they were main players in the october thing x,positive
great brain storming daddio,negative
watching only fools and horses in bed feeling tired sleepy time soon,negative
helicopter helicopter belfast at night,neutral
  i have been watching all day,positive
 syempre exclamation presentt exclamation smiling face with heart eyes,positive
the joint committee of the european supervisory authorities eba eiopa esma esas launched its dedicated website ,positive
# # months tapos na mga adik cge tapusin nyo narin ako adik s pag ibig pero walang pumapansin ,neutral
i felt very lucky today fortunate to work in the nhs and get some answers that i have been waiting for folded hands,positive
prosecco and movies with  man and woman holding hands face blowing a kiss,positive
just posted a photo basingstoke ,negative
   bravo jean go girl exclamation xx,negative
  loudly crying face loudly crying face,positive
queensway london ,neutral
angry face angry face,positive
you can achieve whatever you set your heart on exclamation health fitness and the body you have always ,negative
 your father in law is not the messiah he is a very naughty boy exclamation winking face face with tears of joy speak no evil monkey see no evil monkey,positive
   deep in convo,negative
sit back and disengage,positive
i wanna go out upside down face,negative
proof that  whitens his teeth beaming face with smiling eyes ,negative
 this is where i live welcome to my world,negative
      no thinking face muum exclamation exclamation,positive
 me as well,negative
welcomes  with great audience reception catch it till ,neutral
worst for putting stuff down then forgetting where i have put it,negative
is  that glow up tho smiling face with heart eyes microphone tongue sweat droplets face blowing a kiss ,positive
   he was the highlight,positive
   deep in convo,negative
 you are too kind exclamation exclamation thanks grinning face with big eyes grinning face with big eyes,positive
cannot explain how happy a ridiculously clean apartment makes me,negative
 i grew up with a railway line at the bottom of the garden you get used to it,negative
being bored not tired single and awake at a time nobody else is up is a bad combination,neutral
     bahahahaa exclamation,positive
 yey thankyou again xx,positive
 you were my i should be your,negative
i am at london  in london greater london ,positive
calmer and less angry the person is still probably being a dick but you do not accidentally say something in anger you will regret later,neutral
bruce springsteen hampden park glasgow tonight ,negative
 yep you are also that xx,neutral
the beginning of my mum's midlife crisis ,neutral
 or olly i love olly,positive
 love you face blowing a kiss,negative
obviously must be a girl thing letting stupid things eat away at you thinking face upside down face,negative
for   never more apt  your days are over ,negative
 remember watching this all the time ,neutral
temp # #c hum #zero wind # #mph dir n pres onezerozero# # hpa rising slowly rain zero zero uv zero sol zero light zero zero forcast fine possible showers,positive
 love your header btw x,negative
bedtime selfie ,negative
 he really is a clown that is perhaps a kind # letter word clot may me another,positive
just a tad stressed,negative
if there is one thing i wish i was better at it is being calm in a crisis,negative
beaming face with smiling eyes,negative
  face with tears of joy,negative
mick newell we have been very ordinary for large parts of the game ## run defeat at durham ,negative
found this great venue 'seaford pizza' in seaford find out more ,positive
cameron phillips terminator the sarah connor chronicles ,neutral
 love this exclamation exclamation kisses x,positive
supper tea and tequila shoreditch house ,positive
there is just too many dreams in this wasteland,negative
i am the happiest i possibly could be and its just so great exclamation exclamation,negative
living with freshers for fourth year was such a mistake,neutral
your grandchildren will be mick hucknall fans,neutral
 i am ok thanks have you had a good day xx,neutral
  what some journalists mistake for news these days ,neutral
 haha you were obsessed with him xx,negative
  could have ironed his shirt or used some of his onezerozero zerozero a week to hire someone to iron it new moon face,positive
i think they are gonna reveal the woodpecker the dog and then the bug tomorrow,negative
 brb crying,negative
 hugs,negative
ok it is done now to bed ,negative
kevin hart is just casually walking in london what why am i not there,positive
 is my life omg,negative
i am sorry i missed this great storify exclamation ,negative
slightly smiling face,negative
  lemme read this now loudly crying face,neutral
 blimey you still have not served enough time here,neutral
if my neighbours could stop shouting that would be great,neutral
 thankyou for rt xx,negative
wind # # kts ene barometer onezero## # hpa steady temperature onezero zero c rain today zero # mm humidity ##,positive
ppl i know are makin live music this summer is gonna be a wave,positive
i spewed on an indian girls blanket thing,negative
i get the sweetest feeling by jackie wilson is in shrewsbury arms chester download it now at ,negative
bestday cow face chicken front facing baby chick on sunday we visited bucklebury farm in reading berks which is hands down the best ,negative
show me how you get down face with tears of joy,negative
we are team party popper circus tent circus tent we are festival ,neutral
lies all lies ,neutral
 best recording tonight thanks to  for our dancing once again loved it nice to see you also ,negative
 if i come gp rn come meet me xx,neutral
the day that collar bones and thigh gaps became significant was the day my self esteem became none existent,negative
that news made me extremely happy smiling face with smiling eyes smiling face with smiling eyes smiling face with smiling eyes,positive
 good luck ,neutral
why do i do things,negative
how are these people close to dropping l bombs already it is been # days hear no evil monkey hear no evil monkey,positive
'fleur de lis' watch ya mouth exclamation,neutral
 uhm pass i kinda skipped her a bit to get to tricia last night could not sleep and cc helps me sleep,positive
smiling face with smiling eyes rose red heart ,positive
 i was as shocked as you are like i was sure i followed you right from day one im so sorry but it is ok kisses kisses kisses x,positive
cuba teka nak pi mana hihihi ,neutral
fosse park exclamation cannot wait grimacing face sparkling heart,negative
so need a trip to amsterdam winking face with tongue,negative
regretting the #zero winks early evening exclamation,negative
volunteer coaches wanted exclamation assist on saturday mornings at our dev center could lead to further opportunities minimum fa lone ,positive
had enough,negative
 thank you so much for joining me exclamation exclamation sign of the horns sign of the horns,negative
felt like bit of a coaching guru today good to know my uefa a comes in handy sometimes,positive
 you want the eu to allow millions of ppl from the world here to rule over us how many have you taken in your home or handed cash,negative
 hey jasdeep have you found an instructor yet,positive
 sort your ego out asap sohail,neutral
owen coyle  have you actually gone insane just had to pinch myself ### times to make sure this is not some sick sordid nightmare,positive
today i made a life changing decision which truly brings on my next chapter also the true definition of winging it ,negative
  had your interview with hibs yet derek exclamation,neutral
 i guess although i never had any initial branding exclamation,negative
 happy birthday face blowing a kiss,negative
 maybe a nun xx,negative
fucked all my exams xx,negative
   #k is a great point especially with the accessibility of parkruns,neutral
no grave can hold my body down i will crawl home to her,negative
 ,neutral
skatty yatty,positive
       happy xx ,neutral
 hi guys we are from reading and would love to take your branding to a new level get in touch and we will chat more exclamation,negative
  thank god for that so in love with 'easy' beating heart,neutral
# little penguins penguin penguin sparkling heart chester zoo ,negative
do explain  do explain are you a serious political journalism programme or what ,negative
happy birthday girls purple heart party popper hope you enjoy yourself you absolute worldies   xx,neutral
bloody hell ,negative
 that shit was taken off at one# ## today raised hand raised hand you know i know my times,negative
#one ## bst experimental forecast for the next one# hours fairly fine showery later,neutral
i am at  london kings cross in london gt lon ,positive
nothing better than a quick break with sausages on fire  ,negative
your music has forever provided me with the serenity and peace for everyday stress says a lot about you and me thanks a bunch  revolving hearts,neutral
staffordshire county show shaken up by record breaking youngsters  ,neutral
    ,neutral
see my buddy storming,neutral
 aw you beauty,neutral
i looked cute on my birthday and forgot to post selfies what a crime ,negative
 yes if you take your shirt off like you did in the skype call eyes,negative
warming up nicely for eurofoot    ,negative
knob,negative
fantastic week for the  team with superb effort from all involved thanks to  for his excellent co ordination,positive
 i would not buy one exclamation heard a few whispers in the game there are very arrogant as well,negative
   deep in convo,negative
thinking face thinking face ,positive
  typical self centerd keane what he said should be for dressing room rk it is always about him to hell with morale,positive
season # of orphan black is amazing though exclamation,negative
even better if time travel were invented and i could go there back in one### and have a whiskey with al,positive
first football games soccer ball smiling cat face with heart eyes ,positive
 and that will be more than fine happy,positive
lorna laidlaw    sun # july ,positive
scottish song stories n dance # wee ones inc brochan lon an interactive spurtle happy in the app launchd #day ,positive
,neutral
this look back at euro ## is getting me very excited for the euros,negative
one## baby this ride is just getting started,positive
finally got round to watching enjoyed it exclamation thumbs up interesting adding a dirt track to the top gear track,negative
 when do you finish,negative
hey rob hope all's good exclamation check out  went tonight think you will be a fan tomato mushroom melon seedling smiling face x ,positive
 i am ok thanks have you had a good day xx,neutral
i have watched too many series over this past few weeks,negative
 bruv ,negative
great volume form mr faze grinning face with smiling eyes ,positive
should i expose ,negative
hay transmisin hoy,neutral
 i would acc cry so much if i got it soccer ball folded hands folded hands person raising hand person raising hand person raising hand person raising hand person raising hand anxious face with sweat anxious face with sweat red heart soccer ball red heart red heart soccer ball soccer ball soccer ball,negative
 not sure it is messed up but the day i stood up for myself and punched one in the face when i was a kid i got bullied a lot less,neutral
 lol,negative
just seen   could not take my eyes of the stage choreography stage design singing all wow  stunning,positive
queensway london ,neutral
night night ma lifesavers      growing heart growing heart red heart red heart love ye's so much xx,negative
youngsters descend on roots hall for southend junior league finals  ,neutral
bloody love it ,negative
 getting showered in snuggles tonight are not you man and woman holding hands,negative
 i am your noone fan could i get a retweet meet you at the marry park dream day best day of my life grinning face with big eyes,positive
did not  used to have a ac uk web domain only com seems to work now ,positive
 cheers for the rt all your support of have a fab evening x  ,positive
 the lisbon treaty  and how eu makes law  remain must explain,negative
forgot how peng sugar puffs are face with rolling eyes face with rolling eyes,negative
 power we have had a selfie drought lately any chance of one before bed,negative
    huge celebs at bs linwood barclay last year stewart bain this year exclamation exclamation,negative
i can feel a headache brewing person bowing,neutral
nurse specialists should always be present at time of diagnosis,negative
face with tears of joy face with tears of joy ,negative
 woo exclamation exclamation what do i do now exclamation,negative
hate u,positive
absolutely right exclamation be in charge of your own happiness ,negative
 person raising hand person raising hand person raising hand person raising hand person raising hand folded hands folded hands folded hands folded hands folded hands folded hands folded hands folded hands folded hands folded hands red heart red heart red heart soccer ball soccer ball soccer ball soccer ball,neutral
one year with jessica happy,negative
 face with tears of joy face with tears of joy,negative
baseball and softball karate sport climbing skateboarding surfing all a step away from becoming olympic sports ,negative
so pleased  have released their new song poppy and upbeat so impressed guys pre order is in exclamation see you on the #th flexed biceps,negative
 missclikeame esta maana estoy de descanso unos vicios pegan,positive
 ## to ##k,neutral
   if rich needs help he can let me know just be a calorie deficit work out on a empty stomach etc etc,neutral
on a positive had a great meal out with some great people and even greater someone smiling face with smiling eyes not been this happy in a long while beaming face with smiling eyes,positive
 that is much better apart from the aspect exclamation smiling face with smiling eyes,positive
love island hugging face,neutral
madness,neutral
stay calm while closing a big deal even if your heart is jumping relax and act like you do this every day,negative
my is pillowtalk by  ,negative
 is sending me under you know piss ed weary face,positive
shura absolutely smashed it tonight exclamation koko london ,positive
 wateul smiling face with heart eyes,positive
bloody love it ,negative
 do not make me send  around to collect i will do it monahan,negative
cool just me then,neutral
we also details of a robbery at one of derry's best known restaurants,negative
 raised hand red heart,negative
red heart,neutral
 be better if it was not my collar relieved face,neutral
boorreedd,neutral
this is basically my love for ryder all in this red heart  ,positive
artpop is a good album,negative
wind one # mph sse barometer onezero## zero mb falling slowly temperature onezero #c rain today zero zero mm humidity ## ,positive
two days left till i pick up the new car exclamation exclamation,positive
great night with bruce and the e street band once again exclamation ,negative
happy birthday to me mate with a massive head have a goodn bowlder party popper  ,negative
my is  because there is literally no competition on his level crown fire lol jmo tho,negative
good that it has ended with a laugh and perhaps a smile grinning face with smiling eyes ,positive
 get in line,negative
land of the free loaders,neutral
it is a privilege to be a chaplaincy volunteer and i feel part of the team thank you uhl chaplaincy ,positive
morocco a month away o,negative
like outlawing referendums dictating what way national governments can lean ,positive
 if your into fantasy and mind bogglingg twist n turns you need to watch it,negative
cannot wait to see more roger and bree in the upcoming seasons clapping hands,negative
see my buddy storming,neutral
been here from the start bro since # zerozero to know you have grown another onezero zerozero is insane congrats g ,positive
 haha as if exclamation cannot believe i will be next year i will be #zero,negative
may the onest of june be with you,positive
zero ,negative
bit late to the party but surprisingly starting to understand the beauty of coloring book,negative
i get the sweetest feeling by jackie wilson is in shrewsbury arms chester download it now at ,negative
nightmare looking at my bank statement from sunday weary face retro rooms baabar and ngone is all i see exclamation exclamation,negative
 sasij just you get on wee the boxing just now then think of the party exclamation bottle with popping cork bottle with popping cork eyes eyes clinking beer mugs clinking beer mugs,positive
   yep exclamation its a brand new feature today d,positive
does anyone else's girlfriend get mad when she wakes up and you have not turned off your bigfoot eyewitness podcasts before you have crashed,neutral
youth mayor emma chapman oneone gives her first interview ,negative
season # of orphan black is amazing though exclamation,negative
 do tell me more,positive
 topic similar  this article  entitled 'profile xoops module',positive
,neutral
but vun is a # oneone inside job tier host,positive
 please folded hands,negative
  kudos few people give praise when deserved exclamation,positive
 see we was right exclamation exclamation ,negative
 thumb wars are for imperialists,positive
 where did that sassy tweet that just made my day disappear too broken heart,positive
why is my life skins,negative
 i am a big fan of yours cannot wait till season starts again could i get a retweet noone fan ,positive
 did not reckless defect to ukip then lose his seat at ge#zeroone#,negative
leonardo dicaprio in titanic is so fucking hot i want him to tie me up and fuck me sideways,negative
 i know im loving it exclamation who is your fav olivia's causing mahem exclamation,negative
extraordinary depiction of light behind cloud so difficult but so expertly done ,negative
 i am back now love exclamation are you face blowing a kiss xx,negative
 its alright p x,positive
hot line ,negative
why the fuck do i love you so much,negative
some proper blokes in that team so many leaders drinkers hero's all over,positive
 your german after # snakebites,neutral
the cage is such a great tournament structure especially the calibre of opponents that enter every week,neutral
 bitch,neutral
 everyone already knows everything face with tears of joy,positive
neutral,negative
 yeah man,positive
  your exactly right lee anyone who does not support arsenal understands it,negative
,neutral
 how long ago was car crash couples filmed squinting face with tongue,positive
  seems legit,neutral
 it is been # months since i last saw you crying face crying face,positive
i come to you as a woman lol my god is greater bye,positive
 big hugs from me lovey really hope its good news at least its better to know than not know xx,negative
 the evening sun in a bit different from minsmere exclamation ,negative
are you not appreciating being alive  ,neutral
 hey man if your interested i could help you make more coins by trading possibly double yours follow for dm if interested,positive
  pensive face,positive
for onezerozero years turkey has denied the armenian genocide and tried to hide the fact from the rest of the world ,negative
when you are favorite youtuber followes you exclamation exclamation  ,positive
 fantastic typo in your online article who knew tutankhamen had a crystal knob ,positive
 got onest dentist visit in #zeroyrs on fri absolutely scared stiff any advise please loudly crying face loudly crying face downcast face with sweat downcast face with sweat anxious face with sweat anxious face with sweat,positive
 who cares why cant she played by a platypus or will the beavers kick off,positive
 purple heart,neutral
 happy fucken birfday fam party popper red heart ok hand smiling face with sunglasses,positive
poetry warms my heart,neutral
em o gram and abigailkenyon checking out the minute details in  's work ok hand nerd face kk ,positive
also some advice for  do not treat audience like they know nothing about politics doc came across as patronising,negative
see my buddy storming,neutral
   fair point dan bizier numbers i am still on a comedown after sunday haha want another stadium fight exclamation,negative
really enjoyed my day today cannot wait for more flexed biceps raising hands,negative
you was just another n gga on the hit list tryna fix your inner issues with a bad bitchh,neutral
so orbital were always great mind that day liam howlett made them greater exclamation exclamation smiling face with heart eyes smiling face with heart eyes,positive
 onest gen protect going off in the night second night running no smoke whatsoever how do i stop it doing this,positive
that on person that makes me smile no matter what smiling face xx,negative
i really do appreciate the lovely people on twitter who give me the time of day difficult times but so very grateful god bless andrew,negative
this happens every time i talk about you happy,neutral
pretend to read your emails  via ,neutral
good night x ,positive
the pain i am in right now confounded face,positive
no one in the gc laughs at my jokes anymore we really must all be best friends,positive
which striker,positive
 yes that clever way of putting people off the trade whatever works i guess lol,negative
champagne city,negative
just need some champagne now exclamation person tipping hand strawberry bottle with popping cork person frowning ,neutral
  hey i got like #zerozero condoms ,negative
not a clue ahaha ,neutral
 eyes eyes,negative
so stressed out crying face,negative
this weeks quiz winners 'this monkey's gone to heaven' exclamation well done exclamation the college arms hertford ,neutral
 ok it is not me eyes,negative
nigel farage looks like a wrinkly scrotum,negative
 first saw as tnager in one### pure and nothing and no one there cept us me and parents one or # others,negative
what am i meant to do i am so bored all my friends are sleeping,negative
if the shoe fits you better lace that bitchh up hunny nail polish face blowing a kiss ,positive
     oh you luckly lot its cold wet and very windy here exclamation,positive
i think  just gave us a clue who has been sending liv the messages ,negative
can we all just agree  is insanely talented,negative
my nigga exclamation party popper party popper ,neutral
yh i am deleting twitter bye ,positive
 ,neutral
 oo love these,negative
 am challenging humanity ,neutral
hate it when people shit on stuff you do for no reason,positive
 i often have the same trouble exclamation ,negative
fuck off fuck off fuck off,negative
lightweight ,neutral
relieff grinning face,positive
 i am a big whitey victim like face with rolling eyes,negative
trying to be productive,neutral
 pk tu pose pas en francais,neutral
,neutral
 hey there was wondering if you want to make some coins possibly double yours by trading if your interested follow for dm,positive
 of course,negative
  sadly not lemon drizzle cake type of drizzle happy,positive
i have just remembered i get my exam results in # days oh shit,positive
wind one m s nne barometer onezero## # mb falling slowly temperature onezero one c rain today zero zeromm humidity ##,positive
 was it not the army chief who gave permission to use drones get your house in order onest before you make this demand from us,negative
neutral,negative
 me sleepy face ,positive
two hearts two hearts,negative
brexit the animated movie ,neutral
sun sun sun ,neutral
loves george,negative
 yey thankyou again xx,positive
second chorus of badlands  at hampden park glasgow tonight great show ,positive
  sadly not lemon drizzle cake type of drizzle happy,positive
 that was a really good watch great team great players and as you say great manager sheringham looks like he hasnt aged exclamation,negative
i always saw you for what you could have been,positive
  fantastic skills exclamation,positive
day one birthday theme for kelley  blonde hair lipgloss killer eyeliner kiss mark kiss mark lipstick kiss mark kiss mark lipstick ,neutral
   i saw him with my own two eyes at the previous show he attacked her exclamation,negative
imagine being able to get a decent night sleep smiling face with smiling eyes,positive
check out what i found  via ,positive
i disliked a  video from   why i should join vale exclamation   ,negative
   hmm the lexus have gone either same us team that ran the very poor jaguar team about # years ago,negative
'iron man' continues baltimore batman's legacy ,neutral
this look back at euro ## is getting me very excited for the euros,negative
  george you are cruising for a block,neutral
 depends which girl it is face with tears of joy,positive
  i am struggling at ##,negative
 lol that one was kinda not logical,negative
 agreed loved him in that see him in wolfhall,positive
 harris,neutral
 that is just pi's alt,neutral
   bravo jean go girl exclamation xx,negative
he will score goals microphone ,positive
edge of seventeen by stevie nicks is in pier eight download it now at ,positive
this is literally clubbing in northampton ,positive
june is here exclamation i have started off the month spending quality time with my children making big ,positive
 yea makes sense wait until jo is done her phd and then best to stay closer to home happy anyway time to try to sleep exclamation night exclamation,neutral
i like chicken with a shitty smell that is why i love cluckin bell face with tears of joy face with tears of joy,positive
titanic gets me like nothing else ever could,negative
 hit me up and we can play time when i am back from working though maybe next week,negative
 so stoked,negative
feel like this was created just for you  ,positive
just take the l and stop publicising your relationship ,negative
lack of accountability no oversight burying independent science results that go against established policy ,positive
  what next year your always getting involved ross says same so just fuck off your annoying,negative
still no over that time andy walked out the local screaming oh the empire is finished at old regulars cause they where voting no,positive
good night all,negative
i need to go to ibiza,negative
 they literally just did the same to me too,negative
  my mum in mid #zeros pushed into road by black migrants # sons with disabilities attacked robbed you think we need mor,negative
 sign of the horns sign of the horns sign of the horns,negative
want to know more about internet connectivity in w# #dd look no further than ,positive
 tell the dj to play gala freed from desire and stand well back fire,positive
what a brilliant night red heart,negative
i cannot tell if this is a result of my recent drop or not,negative
taylor and calvin reportedly broke up cant wait for the album,negative
 it is still sharing with # people x,positive
  are killing me in this group chat face with tears of joy,positive
 she is so damn cute,negative
 plenty of time i went to sevilla late last year malaga in january and hope for spain again by the end of the year short exclamation,positive
 i did not realise your show was on after mine at  haha exclamation small world exclamation,negative
 wow congrats exclamation xx,negative
alice in chain y guns thumbs up,negative
made a fair few mistakes in my life to be fair,positive
   i saw him with my own two eyes at the previous show he attacked her exclamation,negative
loads of bruised egos tonight face with tears of joy,negative
 not too sure about this ops    happy,positive
so bored i am actually watched the clock app on my phone move alarm clock,negative
second chorus of badlands  at hampden park glasgow tonight great show ,positive
 where are you my friend when the moon is full,neutral
 it is the onest june and i have had the heating on all bloody day exclamation exclamation,positive
these two exclamation oh my gosh exclamation they are seriously great at what they do exclamation   ,negative
 ok,negative
 congrats mate thumbs up clapping hands,negative
keep getting auto logged into burn the sunsets twitter,negative
 need something for us to cling onto though sweet it is not good this at all,negative
the day that collar bones and thigh gaps became significant was the day my self esteem became none existent,negative
 hey jasdeep have you found an instructor yet,positive
 too many egos in a 'villa',negative
  ridiculous to allow pros in the amateur game it actually devalues the purist form of the sport,neutral
  it is quality,negative
so am i exclamation ,neutral
read minds ,positive
out with friends ,neutral
 i could not tell you i have a love hate relationship with them exclamation exclamation thank you,negative
# million pounds as a bonus exclamation exclamation exclamation ,neutral
actions words,negative
 goths dont live in havant shh we r a rare species,neutral
hahahah not being second choicee,positive
angry face angry face,positive
 or olly i love olly,positive
exclamation exclamation,positive
thanks gareth davies i like to ride my bike ,neutral
 i hope theres video evidence of this,positive
why cannot i have toes like u midnight moans from alan,negative
 how is tricks,positive
 happy birthday have a mint day exclamation x,positive
sociology slightly smiling face ,positive
i cannot wait to celebrate the independence day of the united states ,negative
californication oozes cool do not know why i had not started watching it sooner,neutral
  already happening type tor in google,neutral
  yeh do it,negative
way too deep,negative
   best way to be really happy,negative
   cool a mention on your show would make my day happy,negative
on  sir spyro side by side  remix,negative
  cool thank you exclamation thumbs up,negative
 soccer ball red heart folded hands person raising hand anxious face with sweat,neutral
 thank you orla from you praise indeed happy,positive
 who is our t#zero bowling coach,negative
different past shared futures celebrates diversity and hopes for a better and brighter future ,positive
this side knows what is up tbh ,negative
excellent clapping hands ,negative
 thank youu exclamation d,positive
deep thoughts for t ,negative
i really do appreciate the lovely people on twitter who give me the time of day difficult times but so very grateful god bless andrew,negative
why does not whatsapp have a nudge button like msn,negative
you need a punch in the face smiling face with smiling eyes,negative
fucked all my exams xx,negative
 arsol is best forgotten and ian walker the heaton of ##,neutral
  i thought i was cool,negative
looks like the mcu has found its captain marvel star and it is a recent oscar winner  ,positive
  woof exclamation,negative
scammed for my knife and fucked over by a betting site what a night this has been,negative
camera roll at the moment loudly crying face face with rolling eyes failin ma computing tomorrow ,positive
having a slight obsession with cornwall and cornish people ,negative
 you are too kind exclamation exclamation thanks grinning face with big eyes grinning face with big eyes,positive
cad aquela parte que tu disse que ambos tinham que dar ateno,positive
     all in the timing exclamation,positive
mash up go follow  fb kirbys music ,negative
oneonety# we do not interact very much seeing your avi i am as of tonight going to change that,negative
do not work for  wilfully shit,neutral
 look at us exclamation puberty hit us so hard we went from 'let us be friends on animal crossing' to 'i am in love with and i am a fan',negative
wtf at this time exclamation you must think your rly fat to exercice at theese hours face with tears of joy when ppl say i am crazy face with tears of joy face with tears of joy,negative
great legs xx ,neutral
 i hate you,negative
oh no exclamation what will i do ,positive
 i know right it is mostly why i left,positive
 what a love to,negative
 trust me no song that i skip,positive
how on earth are these people running a business i would not trust them to run a bath shocking judgement ,negative
    tickets one and have a leap of faith and use bobmacuk with paypal,positive
loads of bruised egos tonight face with tears of joy,negative
 well setting expectations that high's on you not sega my expectations are firmly grounded even after the wait,positive
 john eastman  ,negative
## ## bst temp wind humidity rain hr zero zero mm pressure onezero#zero hpa steady,positive
 plenty of time i went to sevilla late last year malaga in january and hope for spain again by the end of the year short exclamation,positive
 my day made,positive
 umm people who are not interested in politics apparently have no opinion on exclamation night night   hx,positive
that video pissed me off face with steam from nose face with steam from nose,positive
i want a bubble wrap dress,negative
  and free ale clinking beer mugs,positive
,neutral
,neutral
tell em exclamation exclamation ,positive
 haha i have retired remember retired from going out,positive
i like chicken with a shitty smell that is why i love cluckin bell face with tears of joy face with tears of joy,positive
 i like the last bit,neutral
need a terrific dell monitor by friday,positive
how pretty is  smiling face with heart eyes my fave,negative
 what some people will do to make money,negative
always knew it was never going to happen,negative
welcome to our new followers on the #onest      ,negative
watch this video of gorillas beating whilst you lock into my show thats live on  right now exclamation ,neutral
standard gig pic surrounded by one#yr old girls singing ,negative
  signed already shared rt'd x,neutral
luuciidity coome back to mee,negative
they are far from the finished article but what a fascinating prospect that was a really interesting show and genuinely eerie at times,positive
  love a bit of profundity now again claire purple heart sqsc,neutral
 there is both,negative
     he is on fire face with tears of joy face with tears of joy,positive
finally ordered a charging phone case exclamation much needed when the iphone battery is so poor mobile phone,positive
 it is a building process state of origin was never what it is now that is how we would have to start it,positive
bare people are kissing in this club lool wtf,neutral
now i catch up on all the other tv shows ive missed for the good wife,negative
thank you  for everything  ,neutral
that shower was the best omg,neutral
 haha fair point exclamation exclamation face with tears of joy,positive
  ive tried but server was down xx,positive
 finally back on stage smiling face with heart eyes  first night royal albert hall london ,positive
yeah face with tears of joy ,positive
just remembered shotgunning a can in ormeau park in front of a bunch of kids i had dropped my onezero pack and burst one needed to rescue it,positive
huge thanks to ikbbi patron member of parliament  for his continued support  ,negative
i promote women supporting other women do not complain on the selfies i retweet love them,negative
bought a flyaway before and it is already deflated fucking waste of ##p mate,negative
water wave in s ne # or # occ # in e in n ne # or # mainly fair gd,positive
 thanks dude,neutral
   dont need id to rave,neutral
i am at london  in london greater london ,positive
 should have accidentally on purpose fell,positive
,neutral
 happy birthday charlie hope you have a lovely day heart with ribbon xx,neutral
got to be up in like five hours for holiday and i am wide awake,negative
salut les potes,neutral
ted's first day with auntie  looks like he is having so much fun exclamation exclamation  yellow heart yellow heart ,negative
terry you fuckin sort smiling cat face with heart eyes smiling cat face with heart eyes,negative
 happy birthday face blowing a kiss,negative
footballs coming home,positive
 how so what is so unnecessary about wishing to protect your culture and ideal,positive
   ohh exclamation exclamation i think fiat group are far better at market activation,negative
 check ma tl,neutral
,neutral
 oh do not do it to yourself exclamation exclamation,negative
alfie deyes voice is the worst sound on this entire planet amen,negative
 gonna have another wild emotional night x,neutral
i have had the worlds biggest nightmare with traffic today fuckin buzzin to be back in ec red heart red heart,negative
england's nerdy floral tea cup is my reason for life ,positive
  hmm,neutral
lit me and  ,negative
she is literally goals smiling face with heart eyes smiling face with heart eyes ,positive
thank you to  for having me last month good being back and more money to a good cause exclamation sparkling heart  ,positive
 sonuna kadar aziz yildirim,neutral
 leaf fluttering in wind clinking beer mugs pill baby bottle grapes which one are you about water wave out now exclamation exclamation movie camera video on the wayy sparkles ,positive
,neutral
feels amazing not having to set my alarm for the first time in # weeks but for one day only sleepy face zzz sleeping face,negative
 sun cream water sunglasses and heading to a nice beach with the family lazy summer days of fun smiling face with heart eyes dog face man woman girl boy,positive
launch of campaign to combat summer drink and drug driving  ,positive
i am too buzzing that i do not need to be up early tomorrow,positive
 well said you exclamation,positive
  only one## i am afraid mate,negative
becky miller  ,neutral
saturday people exclamation exclamation hundred points fire fire ,positive
 where do you see rain any forecast i have seen says sunshine almost the whole day,positive
best feature on this ipad split screen scissors ,positive
 well said you exclamation,positive
saturday raising hands ,negative
leeds is too cold been back in these extreme weather conditions for # days and i have had enough snowflake tornado,positive
casually sliding around alice's floor as a preferred mode of transport,negative
 well it is my birthday week so i will be starting on monday i suggest you do the same face with tears of joy weary face,negative
  i have got a few cockney who would pick a england tournament victory over their own team exclamation exclamation see no evil monkey see no evil monkey,positive
jo mcgonigal spatialised painting #zeroone# detail blanket white neon artist palette ,negative
first you delete the data and then you replace the data with data that attempts to describe the meaning of the original data to a machine,negative
 you are too fucked bmt,neutral
  listen here buddy ,neutral
 many established onest generation immigrants want to restrict immigration many #nd generation eg irish more welcoming,neutral
lol lol lol lol too much lol too much laughter lol lol too much,negative
it honestly grosses me out at how many underage girls you lure in and try your luck with disgusting dirty little boy,negative
 you are such a lovely person i am sorry we did not get more time to natter hope you had a great time exclamation,negative
 i am beggin you folded hands folded hands folded hands folded hands soccer ball red heart person raising hand soccer ball red heart person raising hand,negative
thank you to everyone it means a lot  ,neutral
tweeps exclamation i missed you guys x,positive
for   never more apt  your days are over ,negative
mac mxtthiass,negative
 i have had my children's blog for five months and i am celebrating #onezero# views exclamation so happy happy,positive
am i intimidating,negative
always second best upside down face,positive
they are no opening r b is this fucking jokes,neutral
   a lovely full bodied lager will go well with wrestling,negative
noo face with tears of joy face with tears of joy ,positive
these guys and girls exclamation you have known each other like # days exclamation calm down exclamation exclamation,negative
 cunt just scammed me out of my smurf account on csgo,negative
 tessa connorton who is this please it say's nothing about him her mkhayone#  follows you,positive
stress,positive
the zombies do not bite sick people device is so silly if a dodgy leg counts what else poor eyesight back problems like most people,negative
the scott monument few weeks back ,neutral
 i know im loving it exclamation who is your fav olivia's causing mahem exclamation,negative
 yass please,positive
 thanks exclamation i got be compensation for the one# hrs of delay today exclamation,negative
,neutral
god i love  face with tears of joy snapchats making my night,negative
cunt ,neutral
         ,neutral
  ,neutral
 what date birthday cake,negative
happiness is a hot water bottle warmed bed and pyjamas at the end of a long day,positive
lol i will walk away tbh ,negative
  love it the past coming to life with familiar themes debts demands and legal red tape smirking face,negative
i got a feeling by the four tops is in shooting star southampton,negative
a bblia diz ado e eva no diz ado e eva e o joo ou a eva e ado e o joo dove cada um com cada um headphone,neutral
we need a cover of  done by  smiling face with heart eyes red heart please make it happen gaga exclamation,positive
sometimes one pizza each just is not enough franco manca muswell hill ,negative
watching only fools and horses in bed feeling tired sleepy time soon,negative
hooked on,negative
one##zero the begins broadcasting,negative
 this guy was an absolute hero looking after everyone's favorite trains exclamation backhand index pointing down high speed train ,neutral
never felt so much love in my life should have made pals with kt months ago red heart red heart red heart,positive
my shoe and accessory wish list is now on   ,negative
 for celtic fc thinking face yes please exclamation exclamation squinting face with tongue,positive
 northern ireland are unbeaten in oneone does that mean they will win the world cup too bullshit journalism,negative
 happy bday kaysha party popper x,positive
so proud of my queen  for her hard work tonight hope these beauts had fun    ,positive
good job mate well deserved ,positive
  cool thank you exclamation thumbs up,negative
leave me alone,neutral
  yep of course i owe him a tenner already exclamation exclamation,positive
i moved to manchester three weeks ago i am gonna let you into a little secret though i am incredibly lonely face with tears of joy,negative
man i love  so much smiling face with heart eyes smiling face with heart eyes ,negative
what a brilliant night red heart,negative
yeah defo ,positive
happy birthday girls purple heart party popper hope you enjoy yourself you absolute worldies   xx,neutral
this is basically my love for ryder all in this red heart  ,positive
 it will not will win goodnight and enjoy your spa rupa exclamation  ,neutral
toby on the look out for hugh's new 'on the beach' burgh island ,negative
  yes at least do it on other things like snapchat or tinder where he cannot see xx,negative
 person raising hand person raising hand person raising hand red heart folded hands folded hands folded hands red heart red heart red heart soccer ball soccer ball soccer ball soccer ball anxious face with sweat anxious face with sweat,neutral
hate when you clearly care for some people but apparently you are zero onezero rating to them,positive
  thank god for that so in love with 'easy' beating heart,neutral
keep gettin this shooting pain in my chest n ma heart feels lit its about to explode am honestly hopin this is my tachycardia killing me xx,negative
  they look so cute flower have you had a nice weekend we went away in caravan for # days was so lovely and quiet,negative
gazza lad exclamation geordies # zero scotland,negative
   we should ask exclamation exclamation,negative
new gmix for  bits from you lot in here      ,negative
happiness is a hot water bottle warmed bed and pyjamas at the end of a long day,positive
i want a bubble wrap dress,negative
hello x ,neutral
 lol so true,negative
 face with tears of joy face with tears of joy,negative
,neutral
,neutral
 you are such a lovely person i am sorry we did not get more time to natter hope you had a great time exclamation,negative
cheers paul oncoming fist ,negative
i am at  in swiss cottage greater london ,neutral
  i had to spit them back out,negative
  seems legit,neutral
in mem of marvin hamlisch musical keyboard jun ##         ,neutral
 no reason you cannot,positive
  curiosity has peaked exclamation exclamation,negative
as requested tour scotland blog video of sheep by the single track road on ancestry visit to highland perthshire ,positive
  go for it why not exclamation happy,negative
 try  x,positive
seeking female no strings attached fun southend ,neutral
i am too protective over what is mine people need to really leave what is mine alone slightly smiling face,negative
it is now officially summer and i have been singing christmas songs,positive
dance like we are making love by ciara is in golden pheasant derby,negative
second chorus of badlands  at hampden park glasgow tonight great show ,positive
 copious amounts of after sun lotion is needed i am guessing exclamation loudly crying face,positive
quite a few lately weary face ,positive
kamara kamara,positive
 i do not think it beats this beauty that i accidentally took ,negative
take me to the v a i will probs wana marry you i did a fab social media workshop w samsung the ,negative
one### we used to speak a lot more then life happened for one or both of us let us go back to the way we were i enjoyed it,negative
dear world you are not allowed to talk about a thing unless you talk about all the other things love  ,neutral
 god tiller ,neutral
i am the happiest i possibly could be and its just so great exclamation exclamation,negative
 thank you lads exclamation face blowing a kiss,neutral
i am choking shsjskakaj ,negative
 happy birthday jamie exclamation exclamation heavy heart exclamation,negative
 nah i am going to do a few nights away somewhere,negative
   i hate waiting for flash exclamation exclamation # month is just too much exclamation exclamation weary face weary face,positive
zerozero ## bst temperature one# #c wind ssw one mph ave # mph gust humidity ## rain hoy zero zero mm pressure onezeroone# hpa falling slowl,negative
 its youre,negative
      pretty plez for me and nikki face blowing a kiss red heart face blowing a kiss xx,negative
c'est quoi ce son tout droit sorti du miel l fire honey pot ,neutral
 when do you finish,negative
well done  scotland's finest love to see a unification fight do what you like now your place in history is secure,negative
night all xx ,negative
 nah your alright,neutral
captain haddock and tin tin scrub up well fair play ,negative
 other wise i would say yes,negative
 important exclamation the west is anti white pro immigration probably because our fertility rate is #zero too low so we are dying out unhappy,negative
 what a love to,negative
dreams or predictions interesting hypothesis on predictive coding in the brain during sleep ,negative
  hi ashwin welcome to the best place in town exclusive to us you will love it,negative
 really hope you get everything sorted lots of suppliers willing to help i am # weeks raging does not even cover it,neutral
we lost in the semi final it hurt but i bloody love football,negative
on this day in one#zero# henry vii had a bit of a dicky tummy and an early night,neutral
 i really want to go to america exclamation exclamation it is my dream exclamation exclamation maybe i could spot you there if i went winking face hehe i love you zac red heart,negative
to top off a shit day i got cramp in my foot getting into bed astonished face,negative
  sadly not lemon drizzle cake type of drizzle happy,positive
actually wait that is sneaky of olivia she is such a massive twat pouting cat face,negative
 ,neutral
 not sure if that is something i would be any good at but dm me a reference of what kinda thing you would like i can suggest a price based,negative
club penguin blocked me for saying 'fucking' and 'bitch' not my fault another fucking penguin would not move off the seat i was sitting on,negative
clearly i said something to piss her off flushed face face with rolling eyes face with tears of joy ,positive
 it would not be a short answer to do my best we can think about value to the individual value to the public value to,negative
 ,neutral
after chunk exclamation i got to see the band i have waited literally # years to catch gnarwolves exclamation nothing ,positive
 i wouldnt let either of them fist me,negative
the new strawberry cheesecake mcflurry is amazing face savoring food,negative
  still on the same number nigel,negative
euro ## was extra special as tournament was staged in england absolute travesty we have not seen a tournament since,negative
love you  face with tears of joy clapping hands ,negative
 interesting thinking face thinking face face with tears of joy,positive
one one,negative
 #zero years ago probably the norm see no evil monkey,positive
new music alert ,neutral
i have not gotten to sleep any earlier than #am the past # nights how am i meant to survive,positive
syncopated ladies salute a legend  via  red heart this,positive
neutral,negative
sheryl sandberg peter thiel will remain on the facebook board ,neutral
cocktail o clock at martha's vineyard  thursday night    n crew should come exclamation crowd of us goin,negative
         ,neutral
 happy birthday face blowing a kiss,negative
cannot wait to finally book a holiday with chelly,negative
you have friends are you sure you know the definition of a friend people being civil with you are not friends xx ,negative
i will not wear your shoes i will not clip your wings,neutral
 i would of loved to see your photos before deteled,negative
this is,neutral
what a brilliant night red heart,negative
   yh man zenexeon thats the one i was fucking screaming and yh typical fat cal man leaning for camo challenges,negative
 ,neutral
catching up with where  restored the singer proper made me fill up exclamation well done fuzz tim,negative
   fair point dan bizier numbers i am still on a comedown after sunday haha want another stadium fight exclamation,negative
this doc with  is an absolute cracker,neutral
so many amazing things planned over the next year t ibiza creamfeilds log cabin mexico marbella think i better start staying in soon face with rolling eyes,negative
kady and terry have made it all kick off face with tears of joy face with tears of joy,positive
dreams or predictions interesting hypothesis on predictive coding in the brain during sleep ,negative
good night from uk,positive
i take payment for airport runs in the form of midnight kebab dinners exclamation belly ,negative
 he is a great actor would love to see him on the stage but hollywood has him,negative
 thank you for the follow b ,neutral
atakan bi kere damladan daha zeki kazanr inallah ben her trl nlleri destekliyorum nagi olmad atakan olsun,positive
diellas seaford ,positive
  curiosity has peaked exclamation exclamation,negative
youtube on tv ,negative
 how much was it i am so jealous,positive
loudly crying face,positive
lol i am in a well good mood,negative
 abs on snapchat though smiling face with heart eyes smiling face with heart eyes,negative
some times it takes time but you will always realise who you true friends are,positive
 love this exclamation exclamation kisses x,positive
huge happy birthday my lovely exclamation i hope you have the most fabulous day ever exclamation love you tons two hearts two hearts exclamation exclamation  ,negative
 the photo is great camera thumbs up,negative
  nantes supposed to be a lovely city school exchange to loire valley area it is beautiful,negative
lovee the kaiser chiefs sparkling heart sparkling heart,neutral
someone loudly sneezed at work today and ever since my right ear is in so much pain fuck this man,negative
how are brit supermarkets approaching read my special report here ,neutral
hrrk ,neutral
i am the happiest i possibly could be and its just so great exclamation exclamation,negative
heinz is jen jen exclamation exclamation,positive
i am just a fat potato,positive
 person raising hand person raising hand person raising hand person raising hand,negative
,neutral
musically obsessed baby globe showing americas ,positive
people that call me fat make me laugh i know im a big girl you can shut up and pass me another burger,negative
 follow back pls so i can dm,positive
just watched complet family entertainer each nd every charcter was good supb class movie  you just nailed it,positive
the fact i will be away for the whole summer within the next two weeks is just buzzin face savoring food sun palm tree,negative
 the amount of times ive had to get other people to do the wheel n park it for me isnt even funny,negative
this is best photo i have ever seen hahahaha ,negative
 happy birthday pal x,positive
i love my friends yellow heart      ,negative
neither i am a child of god so you would not catch me at a party ,neutral
life is an absolute joke right now eyes,negative
yess ,neutral
 face with tears of joy face with tears of joy,negative
   i saw him with my own two eyes at the previous show he attacked her exclamation,negative
zerozero #one bst temperature one# #c wind ssw zero mph ave # mph gust humidity ## rain hoy zero zero mm pressure onezeroone# hpa falling slowl,negative
how is he slapping her like that that is mad you is not no man if your doing that crap,positive
# weeks till thailand elephant palm tree,neutral
 because it is trying to make you feel better,negative
 placed plaque for my uncle at memorial today ,neutral
good night all,negative
i was a hoe and i admitting it woman dancing ,positive
neutral,negative
  idk maan loudly crying face,negative
what a day exclamation zrce beach isle of pag croatia ,positive
 tried week one of the planking challenge that really hurts but need more flexibility any other ideas for flexibility training,negative
more positively,negative
it is too much it is just too much fuck it fuck it all loudly crying face loudly crying face ,negative
fucking nonce ,neutral
it is midnight why have seven ppl decided to text me,negative
 ,neutral
they are going to make watch dogs #'s protagonist a delsin clone are not they dear oh dear,negative
 i do not think so had to change my password and answer loads of questions about my account,negative
 lionbridge rolls royce mate x,positive
 are you smiling here,neutral
lmao i do not need this rn,positive
last tweet about future wedding if i actually want a wedding i actually need to find a guy funny we all know i am a loner unlovable,negative
 this is actually ridiculous,neutral
just over # weeks until ibiza sun sun sun,neutral
play along if you are bored sgfg skip or play,negative
crescent moon comet,neutral
ell tel is looking in good nick,negative
 for example in the uk its perfectly acceptable to talk to strangers on the bus but in denmark its taboo culture is big and small,negative
birthday dessert take # shaved ice clapper board ,negative
oh my god his convo with milne what a fruitloop,negative
never lose faith my friends never exclamation exclamation ,negative
eeep a bit gruesome and graphic interesting artwork nonetheless make up your own mind ,negative
   it is not even a plot twist anymore it is everytime lauren opens her mouth,positive
i hope tomorrow will be a better day face with rolling eyes,positive
malin is faar better than olivia,positive
 er than what,negative
i hope tomorrow will be a better day face with rolling eyes,positive
  ,neutral
i just cannot wait to buy my first takeaway with my own money ok hand,negative
  spot on,negative
crescent moon comet,neutral
neutral,negative
i am not a selfie man,negative
    onezerozero agree,positive
do not need no man in my life exclamation exclamation,positive
 wahayy eyes eyes,negative
 an hour hour and a half at the most with a wee encore that is enough for me,negative
 #th apparently,negative
should i expose ,negative
  that is what doctors and midwives say the first one# weeks are you gotta be careful stage of pregnancy xx,neutral
 i am back now love exclamation are you face blowing a kiss xx,negative
 he is doing a good job for brexit though,neutral
 if you ever did i will cry n you do not want me to smiling face with smiling eyes,positive
 in english law defamation is the general terms slander is for spoken stuff libel for published stuff not my area of law,negative
fuck you quite literally,positive
 still going on about this,negative
 server wont come on but tagging ,negative
that shower was the best omg,neutral
 at east pitforthie dairy farm dd# #pq this sunday oneone # all welcome come and see in action,negative
  they are so lucky exclamation,negative
# yo's bedtime reading attack of the demon dinner ladies    ,negative
indeed  r being true to form todays reports not a sausage exclamation the judge does not agree ,positive
 ,neutral
 thank you lads exclamation face blowing a kiss,neutral
     makes a change,negative
someone asked me what my hobbies were and i realised i have none confused face,positive
lol speak no evil monkey ,positive
speak no evil monkey see no evil monkey,positive
 thanks for such an insightful post exclamation am sharing with my extended family members happy,negative
 heres one to nod off to then  the,negative
man i love  so much smiling face with heart eyes smiling face with heart eyes ,negative
the blob mr blobbys ,negative
last night in my leeds house chapter another bunch of crazy stories to tell another amazon address i will accidentally send mail to,negative
 sparkling heart,negative
all i am saying is twitter arguments mean nothing they are forgot about the next day and no one says shit in person so can we all drop it,negative
will be a great read ,negative
 literally like ,neutral
zerozero ## bst temperature one# #c wind sw zero mph ave # mph gust humidity ## rain hoy zero zero mm pressure onezeroone# hpa falling slowly,negative
 sup wi you,neutral
yes i tweet crazy stuff maybe thats part of who i am but do not you dare get my sister crying down the phone to me again exclamation exclamation,negative
who wants to rap battle with me on stream tomorrow eyes,positive
good luck ,neutral
today has literally been one of the worst days of my life i be glad if i go to sleep tonight and wake up in future fucking year,negative
 love this exclamation exclamation kisses x,positive
 i have not heard or seen anyone complain you must follow some right miseries,positive
i doubt my self too much,negative
 youre saying you have the impression i never try very hard harsh winking face,negative
 who is in this call,negative
    i know neil covered every blade of grass flushed face,positive
happy birthday you utter spice man and woman holding hands growing heart love ya like a brother have a fab day xo ,positive
rah this was such a banger uno ,neutral
 woo exclamation exclamation what do i do now exclamation,negative
    you two are a devious pair but you are characters are fucking brilliant,negative
paynos quit more times than kanes had hot dinners,negative
dear world you are not allowed to talk about a thing unless you talk about all the other things love  ,neutral
zerozero ## bst temperature one# #c wind ssw zero mph ave # mph gust humidity ## rain hoy zero zero mm pressure onezeroone# hpa falling slowl,negative
 ,neutral
neutral,negative
 maybe one day we will hug,neutral
 perrfect exclamation enjoy it for me exclamation happy,positive
    very well said exclamation exclamation,positive
,neutral
it is still wednesday exclamation my first non courtier crypt ghast ,neutral
 ,neutral
 hi sorry i hope you do not mind me following you on here at all i am hayley and i also love as well happy,positive
love my bro ,negative
a long time by mayer hawthorne is in harrods london,negative
in  on ##p t bar beer mug ,negative
gee's little laugh is adorable sparkles smiling face see no evil monkey,positive
tier is relevant,negative
oi oi ,negative
 lol very very sugary drinks and fizzy shit pensive face pensive face,negative
najwiksi ktrych zabraknie na euro we francji ,negative
a saudi wealth fund just invested # #bn in uber  via ,negative
so she had just self expressed herself to death now nothing's left dove cherry blossom sun behind large cloud sparkles,negative
 i only have pizzas at #am if i have been drinking unfortunately i have not today p,negative
best teams in england winking face with tongue ,negative
nude face with tears of joy ,negative
  snap and i am not going to judge someone too harshly if they got an easier draw,negative
my mood is pile of poo,positive
need to get hold of  book before i fly back to south africa this weekend,negative
 lots of love revolving hearts,negative
just posted a photo basingstoke ,negative
 i will facetime you tonighy xx,negative
happy birthday erin jean would be proud x ,positive
i am too buzzing that i do not need to be up early tomorrow,positive
  i am sorry i do not normally persuade people to get together but thinking about it for a long time i miss you exclamation red heart face blowing a kiss,positive
ayy the mixtape is flames grimacing face ,negative
when your telling your mum about things you do at gigs but she always brings up stage diving at pantera and having her arm around dimebag,negative
  ,neutral
future pm and that houses of parliament westminster ,positive
i miss my mum disappointed face wish she would just come out of hospital and she is only been in a day exclamation exclamation,positive
british empire medal honours for bucks volunteers  ,positive
 eek tell your parents and maybe go to the hospital if it is still hurting,negative
 not really exclamation i have got almost everything i need digitally exclamation though are a few things i am still looking for exclamation,negative
 thank youu nat exclamation,positive
anyone doing design exam tomorrow fancy taking one for the team and dying please grinning face with smiling eyes skull,positive
read minds ,positive
onwards exclamation urquhart castle ,positive
 la la land some believe anything bless,negative
on air in #zero,negative
 you hate anything different from mainstream music pussy unamused face,negative
  face with tears of joy,negative
   fair point dan bizier numbers i am still on a comedown after sunday haha want another stadium fight exclamation,negative
 i like your header,neutral
 fuck off am lush now,negative
#one one# bst temperature one# zeroc wind sw # mph ave # mph gust humidity #zero rain hoy zero zero mm pressure onezeroone# hpa rising slowly,negative
why did i nap today,negative
i have been rather absent recently so i think i am going to commit to at least one tweet a day even a small audience can have a big impact,negative
 x##,neutral
 happy birthday have a mint day exclamation x,positive
i miss my mum disappointed face wish she would just come out of hospital and she is only been in a day exclamation exclamation,positive
for great broadband deals in w# zeroee visit ,negative
 evening kerry exclamation how are you tonight,positive
today i made a life changing decision which truly brings on my next chapter also the true definition of winging it ,negative
       excellent exclamation,neutral
  my mum in mid #zeros pushed into road by black migrants # sons with disabilities attacked robbed you think we need mor,negative
,neutral
i love love island,negative
 still going on about this,negative
 smiling face,negative
spot on ,negative
 awesome # shows today exclamation good to catch you after exclamation see ya soon exclamation xx,neutral
how arrogantly they are we asleep ,negative
feel so shitty unhappy,positive
cleethorpes man charged with burglary ,positive
 why you up so late glen,positive
  hoping to see his family on tv maybe,negative
 i defiantly want one of these i love the gold lion smiling face with heart eyes,positive
 lol,negative
 go by how it feels if you look at it it feels like you could change it without difficulties go for it i did and it was thumbs up,negative
downloading from the mothership again ,negative
face with tears of joy face with tears of joy ,negative
 patting,neutral
'david cameron's 'fantastically corrupt' gaffe mocked by afghan delegation at anti corruption summit' ,negative
canny wait ,negative
deep thoughts from t ,negative
for # i could hardly resist ,negative
  turner trophy lodgey v the # time champion exclamation exclamation this is the time when you need to pray to god folded hands amen exclamation,negative
still buzzing after that win tonight that is why we are the champions pool # ball clapping hands,negative
 is the cover bodies if it is not fuck u,negative
 i am your noone fan could i get a retweet meet you at the marry park dream day best day of my life grinning face with big eyes,positive
thanks  overwhelmed to win volunteers award proud to represent  thanks  gr# hosts ,neutral
listened to she after being out for over a year and i applaud  for being so open a vulnerable to help us all thanks a bunch red heart,negative
eric's wife and daughter dies with one arrow double kill face with tears of joy,positive
 adrian,neutral
 a warm thank you # following me i very much appreciate your valuable twitter time good # connect ,positive
 london comiccon exclamation nxt one in oct will let you know join us happy london anime gaming is on in july i prefer multigenre comiccon,positive
 i am ok thanks yourself,neutral
ughh,positive
 thanks for the follow daniel exclamation you getting much action in season #,positive
find out more about dunkies in seaford ,negative
     ,neutral
there is being fat and being fat like how you going to have two hundred chins,negative
